Item #,File Stamp,Filing Party,Filing Description
1,2019-04-05,"CENTERPOINT ENERGY HOUSTON ELECTRIC , LLC","APPLICATION OF CENTERPOINT ENERGY HOUSTON ELECTRIC, LLC FOR AUTHORITY TO CHANGE RATES"
3,2019-04-05,PUC OPDM,ORDER 1 SUSPENDING EFFECTIVE DATE AND ENTERING PROTECTIVE ORDER
4,2019-04-08,PUC OPDM,ORDER OF REFERRAL
68,2019-05-02,PUC OPDM,"ABOVE-REFERENCED DOCKET HAS BEEN PLACED ON AGENDA OF THE OPEN MEETING ON MAY 9, 2019"
73,2019-05-02,PUC OPDM,DRAFT PRELIMINARY ORDER
109,2019-05-07,CENTERPOINT ENERGY HOUSTON ELECTRIC LLC,"CENTERPOINT ENERGY HOUSTON ELECTRIC, LLC’S RESPONSE TO PUBLIC"
142,2019-05-09,PUC OPDM,PRELIMINARY ORDER
300,2019-05-22,SOAH,SOAH ORDER NO. 3   GRANTING MOTIONS TO INTERVENE
357,2019-05-29,CENTERPOINT ENERGY,RESPONSE TO ORDER NO. 4
396,2019-06-06,GULF COAST COALITION OF CITIES,Redacted Direct Testimony of Lane Kollen on Behalf of Gulf Coast Coalition of Cities
399,2019-06-06,"H-E-B, LP","H-E-B, LP's Direct Testimony of George W. Presses"
403,2019-06-06,OPUC,OPUC's Redacted Direct Testimony of June M. Dively
404,2019-06-06,OPUC,OPUC's Redacted Direct Testimony of Anjuli Winker
405,2019-06-06,OPUC,OPUC's Redacted Direct Testimony of Karl Nalepa
410,2019-06-06,WALMART INC,DIRECT TESTIMONY AND EXHIBITS OF STEVE W. CHRISS ON BEHALF OF WALMART INC.
411,2019-06-06,CITY OF HOUSTON AND HOUSTON COALITION OF CITIES,DIRECT TESTIMONY OF KIT PEVOTO ON BEHALF OF THE CITY OF HOUSTON AND HOUSTON COALITION OF CITIES
412,2019-06-06,CITY OF HOUSTON AND HOUSTON COALITION OF CITIES,DIRECT TESTIMONY OF SCOTT NORWOOD ON BEHALF OF THE CITY OF HOUSTON AND HOUSTON COALITION OF CITIES
413,2019-06-06,CITY OF HOUSTON AND HOUSTON COALITION OF CITIES,DIRECT TESTIMONY AND EXHIBITS OF MARK GARRETT ON BEHALF OF THE CITY OF HOUSTON AND HOUSTON COALITION OF CITIES
414,2019-06-06,TCUC,Direct Testimony of J Randall Woolridge on Behalf  of TCUC
415,2019-06-06,TCUC,Direct Testimony of David J. Garrett on Behalf of TCUC
416,2019-06-06,TIEC,Direct Testimony of Jeffry Pollock on Behalf of TIEC
417,2019-06-06,TIEC,Direct Testimony of Billie Laconte on Behalf of TIEC
418,2019-06-06,TIEC,Redacted Direct Testimony of Charles Griffey on behalf of TIEC
420,2019-06-06,"TIGRIS XII, LTD",Redacted Direct Testimony of Michael Gorman on behalf  of TIEC
451,2019-06-07,"CENTERPOINT ENERGY  HOUSTON ELECTRIC, LLC",LETTER OF CORRECTION ON PAGE 27 FROM DIRECT TESTIMONY
452,2019-06-07,"CENTERPOINT ENERGY  HOUSTON ELECTRIC, LLC",AGREEMENT REGARDING STAFF DIRECT TESTIMONY
513,2019-06-12,PUC LEGAL,DIRECT TESTIMONY OF JORGE ORDONEZ
515,2019-06-12,PUC LEGAL,DIRECT TESTIMONY OF BLAKE P IANNI
518,2019-06-12,PUC LEGAL,DIRECT TESTIMONY OF TOM SWEATMAN
520,2019-06-12,PUC LEGAL,DIRECT TESTIMONY OF REGINALD J. TUVILLA
525,2019-06-12,PUC LEGAL,REDACTED DIRECT TESTIMONY OF BRIAN T MURPHY
526,2019-06-12,PUC LEGAL,REVENUE REQUIREMENT PHASE DIRECT TESTIMONY OF MARK FILAROWICZ
527,2019-06-12,PUC LEGAL,DIRECT TESTIMONY OF ALICIA MALOY
537,2019-06-13,ALLIANCE FOR RETAIL MARKETS,NOTICE OF MODIFICATION OF LIST MEMBERS REPRESENTED IN THIS PROCEEDING
557,2019-06-14,TIEC,TIEC Response to CEHE-2
559,2019-06-14,TIEC,TIEC Response to CEHE-3
574,2019-06-18,TIEC,LETTER TO ADMINISTRATIVE LAW JUDGES
580,2019-06-19,PUC LEGAL,CROSS-REBUTTAL TESTIMONY  OF BRIAN T MURPHY
582,2019-06-19,CITY OF HOUSTON AND HOUSTON COALITION OF CITIES,CROSS- REBUTTAL TESTIMONY OF KIT PEVOTO
588,2019-06-19,"CENTERPOINT ENERGY HOUSTON ELECTRIC, LLC",REBUTTAL TESTIMONY OF CHARLES W. PRINGLE
589,2019-06-19,"CENTERPOINT ENERGY HOUSTON ELECTRIC, LLC",REBUTTAL TESTIMONY OF ROBERT B. MCRAE_REDACTED
591,2019-06-19,"CENTERPOINT ENERGY HOUSTON ELECTRIC, LLC",REBUTTAL TESTIMONY OF KELLY C. GAUGER
592,2019-06-19,"CENTERPOINT ENERGY  HOUSTON ELECTRIC, LLC",49421 Rebuttal Testimony of L Harkel-Rumford
593,2019-06-19,"CENTERPOINT ENERGY HOUSTON ELECTRIC, LLC",REBUTTAL TESTIMONY OF JOHN J. REED
594,2019-06-19,"CENTERPOINT ENERGY  HOUSTON ELECTRIC, LLC",49421 Rebuttal Testimony of J Myerson_Redacted
595,2019-06-19,"CENTERPOINT ENERGY HOUSTON ELECTRIC, LLC",REBUTTAL TESTIMONY OF JULIENNE P. SUGAREK_REDACTED
596,2019-06-19,"CENTERPOINT ENERGY HOUSTON ELECTRIC, LLC",REBUTTAL TESTIMONY OF MICHELLE M. TOWNSEND
597,2019-06-19,"CENTERPOINT ENERGY HOUSTON ELECTRIC, LLC",REBUTTAL TESTIMONY OF GEORGE C. SANGER
598,2019-06-19,"CENTERPOINT ENERGY HOUSTON ELECTRIC, LLC",REBUTTAL TESTIMONY OF JOHN R. HUDSON
599,2019-06-19,"CENTERPOINT ENERGY  HOUSTON ELECTRIC, LLC",49421 Rebuttal Testimony of R Pryor
600,2019-06-19,"CENTERPOINT ENERGY  HOUSTON ELECTRIC, LLC",49421 Rebuttal Testimony of D Watson
601,2019-06-19,"CENTERPOINT ENERGY HOUSTON ELECTRIC, LLC",REBUTTAL TESTIMONY OF ELLEN LAPSON_REDACTED
602,2019-06-19,"CENTERPOINT ENERGY  HOUSTON ELECTRIC, LLC",49421 Rebuttal Testimony of M Troxle
603,2019-06-19,"CENTERPOINT ENERGY HOUSTON ELECTRIC, LLC",REBUTTAL TESTIMONY OF ROBERT B. HEVERT
604,2019-06-19,"CENTERPOINT ENERGY HOUSTON ELECTRIC, LLC",REBUTTAL TESTIMONY OF J. STUART MCMENAMIN
605,2019-06-19,"CENTERPOINT ENERGY HOUSTON ELECTRIC, LLC",REBUTTAL TESTIMONY OF MARTIN W. NARENDORF JR.
608,2019-06-19,"CENTERPOINT ENERGY  HOUSTON ELECTRIC, LLC",49421 Rebuttal Testimony of K Colvin
609,2019-06-19,"H-E-B, LP","Cross-Rebuttal Testimony of George W. Presses on behalf of H-E-B, LP"
610,2019-06-19,TIEC,Cross-Rebuttal Testimony
612,2019-06-19,SOAH,SOAH ORDER NO.8- GRANTING REQUEST TO APPEAR BY TELEPHONE
618,2019-06-20,TEXAS INDUSTRIAL ENERGY CONSUMERS,LETTER TO ADMINISTRATIVE LAW JUDGES
638,2019-06-21,"CENTERPOINT ENERGY  HOUSTON ELECTRIC, LLC",NOTICE OF WITNESS SCHEDULING FOR HEARING
661,2019-07-02,SOAH,SOAH ORDER NO.10- ADDRESSING JURISDICTIONAL DEADLINE AND POST-HEARING BRIEFING
662,2019-07-03,PUC LEGAL,SUPPLEMENTAL TESTIMONY OF TOM SWEATMAN
665,2019-07-09,TEXAS ENERGY ASSOCIATION FOR MARKETERS,INITIAL POST HEARING BRIEF
666,2019-07-09,OPUC,OPUC's Post-Hearing Initial Brief (REDACTED)
669,2019-07-09,"CENTERPOINT ENERGY HOUSTON ELECTRIC , LLC",CENTERPOINT ENERGY HOUSTON ELECTIC LLC'S INITIAL BRIEF
670,2019-07-09,CITY OF HOUSTON AND HOUSTON COALITION OF CITIES,City of Houston and Houston Coalition of Cities Initial Brief
671,2019-07-09,ALLIANCE FOR RETAIL MARKETS,ALLIANCE FOR RETAIL MARKETS' INITIAL BRIEF
672,2019-07-09,SOLAR ENERGY INDUSTRIES ASSOCIATION AND ENEL X NORTH AMERICA INC.,JOINT INITIAL BREIF
673,2019-07-09,"H-E-B, LP","Initial Brief of H-E-B, LP"
675,2019-07-09,PUC LEGAL,COMMISSION STAFF'S INITIAL BRIEF
677,2019-07-09,GULF COAST COALITION OF CITIES,Initial Brief of the Gulf Coast Coalition of Cities
678,2019-07-09,TEXAS COMPETITIVE POWER ADVOCATES,Texas Competitive Power Advocates Initial Brief
679,2019-07-09,TEXAS COAST UTILITIES COALITION,TCUC's Initial Post-Hearing Brief
680,2019-07-09,TIEC,TIEC'S INITIAL BRIEF (REDACTED)
683,2019-07-09,WALMART INC.,WALMART'S INITIAL POST-HEARING BRIEF
685,2019-07-16,GULF COAST COALITION OF CITIES,Reply Brief of Gulf Coast Coalition of Cities
686,2019-07-16,TEXAS COAST UTILITIES COALITION,TCUC's Reply Post-Hearing Brief
687,2019-07-16,"H-E-B, LP","Reply Brief of H-E-B, LP"
688,2019-07-16,"H-E-B, LP",FINDINGS OF FACT AND CONCLUSIONS OF LAW
689,2019-07-16,CITY OF HOUSTON AND HOUSTON COALITION OF CITIES,City of Houston and Houston Coalition of Cities' Reply Brief
690,2019-07-16,"CENTERPOINT ENERGY  HOUSTON ELECTRIC, LLC","CENTERPOINT ENERGY HOUSTON ELECTRIC, LLC'S POST-HEARING REPLY BRIEF"
691,2019-07-16,"CENTERPOINT ENERGY  HOUSTON ELECTRIC, LLC","CENTERPOINT ENERGY HOUSTON ELECTRIC, LLC'S PROPOSED FINDINGS OF FACT, CONCLUSIONS OF LAW AND ORDERING PARAGRAPHS"
693,2019-07-16,OPUC,OPUC's Post-Hearing Reply Brief
694,2019-07-16,PUC LEGAL,COMMISSION STAFF'S PROPOSED FINDINGS OF FACT AND CONCLUSIONS OF LAW
695,2019-07-16,ALLIANCE FOR RETAIL MARKETS,REPLY BRIEF
696,2019-07-16,TEXAS ENERGY ASSOCIATION FOR MARKETERS,POST-HEARING REPLY BRIEF
697,2019-07-16,TIEC,TIEC REPLY BRIEF AND PROPOSED FINDINGS OF FACT AND CONCLUSIONS OF LAW
700,2019-07-16,TEXAS COMPETITIVE POWER ADVOCATES,Texas Competitive Power Advocates Reply Brief
701,2019-07-16,TEXAS COAST UTILITIES COALITION,TCUC's Proposed Findings of Fact & Conclusions of Law
702,2019-07-16,PUC LEGAL,COMMISSION STAFF'S REPLY BRIEF
704,2019-07-17,KENNEDY REPORTING SERVICE,"FINAL TABLE OF CONTENTS- FRIDAY, JUNE 28, 2019"
705,2019-07-17,KENNEDY REPORTING SERVICE,"PREHEARING CONFERNECE/HEARING ON THE MERTIS- MONDAY, JUNE 24, 2019"
706,2019-07-17,KENNEDY REPORTING SERVICE,"APPLICANT OFFER OF PROOF NO.1- THURSDAY, JUNE 27, 2019"
718,2019-09-11,SOAH,SOAH ORDER NO.11 CONSOLIDATING MUNICIPAL APPEALS; ADMITTING EXHIBITS; AND ALJS' ADVISORY ON RATE CASE EXPENSE ISSUES
720,2019-09-16,SOAH,PROPOSAL FOR DECISION
721,2019-09-17,PUC RATE REGULATION,NUMBER RUNNING COMMUNICATIONS
723,2019-09-17,PUC OPDM,"PROPOSAL FOR DECISION WILL BE CONSIDERED FOR OPEN MEETING SCHEDULED FOR 9:30 ON NOVEMEBER 14, 2019."
724,2019-10-10,"H-E-B, LP",EXCEPTIONS TO THE PROPOSAL FOR DECISION
725,2019-10-10,TEXAS COMPETITIVE POWER ADVOCATES,Texas Competitive Power Advocates Exceptions to the PFD
726,2019-10-10,CITY OF HOUSTON AND HOUSTON COALITION OF CITIES,EXCEPTIONS TO PROPOSAL FOR DECISION
727,2019-10-10,OPUC,OPUC's Exceptions to the Proposal for Decision
728,2019-10-10,"CENTERPOINT ENERGY  HOUSTON ELECTRIC, LLC","CENTERPOINT ENERGY HOUSTON ELECTRIC, LLC'S EXCEPTIONS TO PROPOSAL FOR DECISION"
729,2019-10-10,TIEC,TEXAS INDUSTRIAL ENERGY CONSUMERS’ REDACTED EXCEPTIONS TO PROPOSAL FOR DECISION
732,2019-10-10,GULF COAST COALITION OF CITIES,EXCEPTIONS TO THE PROPOSAL FOR DECISION
733,2019-10-10,PUC LEGAL,COMMISSION STAFF’S EXCEPTIONS TO THE PROPOSAL FOR DECISION
734,2019-10-10,TEXAS COAST UTILITIES COALITION,TCUC Exceptions to the Proposal for Decision
735,2019-10-10,"CENTERPOINT ENERGY  HOUSTON ELECTRIC, LLC",CORRECTIONS TO COMPANY'S EXCEPTIONS
738,2019-10-24,CENTERPOINT ENERGY HOUSTON ELECTRIC,CenterPoint Energy Houston Electric LLC's Reply to Exceptions to Proposal For Decision
740,2019-10-24,GULF COAST COALITION OF CITIES,Gulf Coast Coalition of Cities' Reply to Exceptions to the Proposal for Decision
741,2019-10-24,CITY OF HOUSTON AND HOUSTON COALITION OF CITIES,REPLIES TO EXCEPTIONS TO PROPOSAL FOR DECISION
742,2019-10-24,OPUC,OPUC's Reply to Exceptions to the Proposal for Decision
743,2019-10-24,"H-E-B, LP","H-E-B, LP's Replies to Exceptions to the Proposal Decision"
744,2019-10-24,ALLIANCE FOR RETAIL MARKETS,REPLY TO EXCEPTIONS TO THE PROPOSAL FOR DECISION
745,2019-10-24,TIEC,REDACTED TIEC's Reply to Exceptions to PFD
748,2019-10-24,TEXAS COAST UTILITIES COALITION,TCUC's Reply to Exceptions to the Proposal for Decision
749,2019-10-24,PUC LEGAL,STAFF'S REPLIES TO EXCEPTIONS TO THE PROPOSAL FOR DECISION
754,2019-10-28,"CENTERPOINT ENERGY  HOUSTON ELECTRIC, LLC",REPLY FOR EXCEPTIONS 
758,2019-11-15,PUC OPDM,BRIEFING ORDER
759,2019-11-15,PUC RATE REGULATION,MEMO
762,2019-11-22,PUC RATE REGULATION,MEMORANDUM
763,2019-11-25,AEP TEXAS INC.,AMICUS CURIAE BRIEF
764,2019-11-25,"H-E-B, LP",RESPONSE TO REQUEST FOR BRIEFING
765,2019-11-25,"CENTERPOINT ENERGY  HOUSTON ELECTRIC, LLC","CENTERPOINT ENERGY HOUSTON ELECTRIC, LLC’S"
766,2019-11-25,PUC LEGAL,STAFF’S RESPONSE TO COMMISSION BRIEFING ORDER
767,2019-11-25,TIEC,"BRIEF IN RESPONSE RO THE COMMISSION'S NOVEMBER 15, 2019 BRIEFING ORDER"
769,2019-11-26,PUC OPDM,MEMORANDUM
772,2019-11-15,PUC OPDM,MEMO
773,2019-12-05,PUC RATE REGULATION,COMMISSION NUMBER RUN- MEMO
777,2019-12-13,CENTER POINT ENERGY HOUSTON ELECTRIC LLC,"APPLICATION OF CENTER POINT ENERGY HOUSTON ELECTRIC , LLC FOR AUTHORITY TO CHANGE RATES"
782,2019-12-20,CENTERPOINT ENERGY HOUSTON ELECTRIC,LETTER TO COMISSIONERS
785,2020-01-23,"CENTERPOINT ENERGY  HOUSTON ELECTRIC, LLC",STIPULATION AND SETTLEMENT AGREEMENT
786,2020-01-24,"CENTERPOINT ENERGY  HOUSTON ELECTRIC, LLC",TESTIMONY IN SUPPORT OF AGREEMENT OF KRISTIE L. COLVIN
788,2020-01-28,PUC LEGAL,TESTIMONY OF DARRYL TIETJEN IN SUPPORT OF STIPULATION
792,2020-03-09,PUC OPDM,FINAL ORDER
795,2020-03-27,"CENTERPOINT ENERGY HOUSTON ELECTRIC , LLC","TARIFF FILING OF CENTERPOINT ENERGY HOUSTON ELECTRIC, LLC IN COMPLIANCE WITH THE FINAL ORDER IN DOCKET NO. 49421"
796,2021-09-29,"CENTERPOINT ENERGY HOUSTON ELECTRIC, LLC","COMPLIANCE FILING OF CENTERPOINT ENERGY HOUSTON ELECTRIC, LLC"
797,2021-11-10,CENTERPOINT ENERGY HOUSTON ELECTRIC,D49421 - CEHE Compliance Filing - Rider UEDIT - Unprotected Excess Deferred Income Taxed Credit
